threshold,contacted,churners_caught,profit,profit_per_customer
0.1,3424,1396,-56600.0,-10.046148384806532
0.15,3004,1345,4450.0,0.789847355342563
0.2,2686,1292,44200.0,7.8452254171104014
0.25,2396,1226,72500.0,12.868299609513667
0.3,2123,1149,92450.0,16.409300674476395
0.35,1825,1050,107500.0,19.080582179623715
0.4,1574,963,118549.99999999994,21.041888533901304
0.45,1374,886,123900.0,21.991480298189565
0.5,1182,792,120000.0,21.299254526091588
0.55,1002,686,108300.0,19.222577209797656
0.6,806,580,99800.0,17.713880014199503
0.65,635,475,86750.0,15.397586084487044
0.7,485,379,73550.0,13.054668086616969
0.75,337,282,59499.999999999985,10.560880369187077
0.8,203,181,40850.0,7.250621228257011
0.85,88,78,17500.0,3.106141285055023
0.9,13,13,3250.0,0.5768548100816472
